user_id,email,handle,identity,initial_browser,initial_city,initial_country,initial_device_type,initial_landing_page,initial_platform,initial_referrer,initial_region,initial_utm_campaign,initial_utm_content,initial_utm_medium,initial_utm_source,initial_utm_term,joindate,lastseen,query_identifier,advisor_calendar_url,advisor_email,advisor_first_name,advisor_full_name,amount,batch_id,batch_start_date,community_url,curriculum_url,customer_timezone,days_from_batch_start,end_date,first_name,freeze_cancel_date,freeze_end_date,getting_started_video,goals,has_subscription_plan,is_deactivating_soon,is_future_batch,last_name,mentor_dash_url,mentor_email,mentor_first_name,mentor_full_name,mentor_pk,mentor_timezone,mentor_workshop_progress_preference,next_call_link,next_call_time,next_renewal_date,office_hours_playlist_url,orientation_time,orientation_url,plan_id,questionnaire_completed,questionnaire_deadline,questionnaire_url,skipped_orientation,status,student_guide_url,student_mentor_pk,student_resource_center,workshop_completion,workshop_customer,workshop_customer_pk,workshop_id,workshop_name,workshop_progress_last_two_weeks,workshop_shortname,workshop_survey_url,workshop_topic
4462172519080739,thud2@uci.edu,,158074,Chrome 55.0.2883,Irvine,United States,Desktop,www.springboard.com/,Windows 10,https://www.coursereport.com/schools/springboard,California,,,,,,2017-01-11 14:44:34,2017-01-26 21:03:08,17ycgvz9ev157,https://www.springboard.com/schedule/kane-li/,kane@springboard.com,Kane,Kane Li,1000,127,2017-01-30T08:00:00+00:00,http://dscareercommunity.springboard.com,https://www.springboard.com/workshops/data-science-career-track/learn/,US/Pacific,-4,2017-07-30,Thu,,,,"'- To gain sufficient understanding and proficiency in Data Science to be able to land a job as a data scientist.
- To become more disciplined.",true,false,true,Dinh,https://www.springboard.com/mentor-dashboard#4512,ryan.rosario@gmail.com,Ryan,Ryan Rosario,500,US/Pacific,true,https://www.springboard.com/powwow/call/4512,2017-02-01T23:00:00+00:00,2017-02-28T08:00:00+00:00,https://www.youtube.com/playlist?list=PLjKxfZpleE6ARDh12WsI12JjdKUN8J2nb,2017-01-25T20:00:00+00:00,https://zoom.us/j/851716723,13,true,2017-01-24T08:00:00+00:00,,false,AC,http://data-science-career.springboard.com/,4512,http://data-science-career.springboard.com/,0,true,3994,26,Data Science Career Track,0,data-science-career-track,,
7379401512607956,mario.roj@outlook.com,,159642,Chrome 55.0.2883,Dallas,United States,Desktop,www.springboard.com/workshops/data-science-career-track,Windows 10,http://www.kdnuggets.com/2017/01/springboard-bootcamp-data-science-job-guaranteed.html,Texas,kddscblast,,email,kdnuggets,,2017-01-05 6:13:38,2017-01-26 21:02:29,17ycgvz9ev157,https://www.springboard.com/schedule/kane-li/,kane@springboard.com,Kane,Kane Li,1000,127,2017-01-30T08:00:00+00:00,http://dscareercommunity.springboard.com,https://www.springboard.com/workshops/data-science-career-track/learn/,US/Central,-4,2017-07-30,Mario,,,,"My goal is to have a deep understanding of the top machine algorithms used.  I want to learn them enough to be able to explain them to someone else in plain English. I want to learn to differences between using one algorithm vs another. 

My ultimate goal is to land a position as an entry level data scientist.",true,false,false,Rojas,https://www.springboard.com/mentor-dashboard#4517,alexchao56@gmail.com,Alex,Alex Chao,523,US/Eastern,true,https://www.springboard.com/powwow/call/4517,2017-02-01T02:00:00+00:00,2017-02-28T08:00:00+00:00,https://www.youtube.com/playlist?list=PLjKxfZpleE6ARDh12WsI12JjdKUN8J2nb,2017-01-25T20:00:00+00:00,https://zoom.us/j/851716723,13,true,2017-01-24T08:00:00+00:00,,false,AC,http://data-science-career.springboard.com/,4517,http://data-science-career.springboard.com/,1,true,4226,26,Data Science Career Track,1,data-science-career-track,,
7100764554962064,soanems@gmail.com,,153479,Chrome 54.0.2840,Calgary,Canada,Desktop,www.springboard.com/workshops/data-science-career-track,Windows 10,http://www.kdnuggets.com/2016/12/springboard-data-science-bootcamp-job-guarantee.html,Alberta,,,,,,2016-12-12 17:12:54,2017-01-26 20:51:00,17ycgvz9ev157,https://www.springboard.com/schedule/kane-li/,kane@springboard.com,Kane,Kane Li,1000,103,2017-01-02T08:00:00+00:00,http://dscareercommunity.springboard.com,https://www.springboard.com/workshops/data-science-career-track/learn/,Canada/Mountain,24,,Soane,,,,"By the time I complete the workshop, I want to be able to use and talk about different data science tools and also be able to create a portfolio by working on real projects.",true,false,true,Mota dos Santos,https://www.springboard.com/mentor-dashboard#4289,a.sanchez.824@gmail.com,AJ,AJ Sanchez,501,US/Eastern,true,https://www.springboard.com/powwow/call/4289,2017-01-27T22:00:00+00:00,2017-02-02T08:00:00+00:00,https://www.youtube.com/playlist?list=PLjKxfZpleE6ARDh12WsI12JjdKUN8J2nb,2016-12-29T00:00:00+00:00,https://zoom.us/j/446951876,13,true,2016-12-27T08:00:00+00:00,,false,AC,http://data-science-career.springboard.com/,4289,http://data-science-career.springboard.com/,6,true,3662,26,Data Science Career Track,1,data-science-career-track,,
2281552671413010,mindyng85@gmail.com,,96763,Safari 10.0.1,Davis,United States,Desktop,www.springboard.com/blog/freelance-data-scientist/,Mac OS X 10.12.1,https://www.google.com/,California,,,,,,2016-11-24 18:09:27,2017-01-26 20:50:33,17ycgvz9ev157,https://www.springboard.com/schedule/kane-li/,kane@springboard.com,Kane,Kane Li,4800,103,2017-01-02T08:00:00+00:00,http://dscareercommunity.springboard.com,https://www.springboard.com/workshops/data-science-career-track/learn/,US/Pacific,24,,Mindy,,,,"After completing this workshop, I would like to have achieved building a network of like-minded data scientists who challenge my approach to problems. Also, I would like to have a comprehensive, versatile portfolio that demonstrates my ability to help build a company.",false,false,false,Ng,https://www.springboard.com/mentor-dashboard#4271,a.sanchez.824@gmail.com,AJ,AJ Sanchez,501,US/Eastern,true,https://www.springboard.com/powwow/call/4271,2017-01-28T22:00:00+00:00,,https://www.youtube.com/playlist?list=PLjKxfZpleE6ARDh12WsI12JjdKUN8J2nb,,,15,true,2016-12-27T08:00:00+00:00,,true,AC,http://data-science-career.springboard.com/,4271,http://data-science-career.springboard.com/,7,true,3815,26,Data Science Career Track,4,data-science-career-track,,
2023696236562037,drbecker76@gmail.com,151844,151844,Mobile Safari 9.0,Beverly Hills,United States,Tablet,www.springboard.com/workshops/data-science-intensive/,iOS 9.3.3,https://www.google.com/,California,ds2_strong,,email,syllabus,,2016-11-29 23:33:49,2017-01-26 20:16:15,17ycgvz9ev157,https://www.springboard.com/schedule/kane-li/,kane@springboard.com,Kane,Kane Li,4800,103,2017-01-02T08:00:00+00:00,http://dscareercommunity.springboard.com,https://www.springboard.com/workshops/data-science-career-track/learn/,US/Pacific,24,,Daniel,,,,"I would like to have a much deeper understanding of the field of Data Science when I complete the workshop, so I know where best to focus my job search.  

I would also like to be much better with Python, stats, problem solving etc.",false,false,true,Becker,https://www.springboard.com/mentor-dashboard#4284,ryan.rosario@gmail.com,Ryan,Ryan Rosario,500,US/Pacific,true,https://www.springboard.com/powwow/call/4284,2017-01-27T23:30:00+00:00,,https://www.youtube.com/playlist?list=PLjKxfZpleE6ARDh12WsI12JjdKUN8J2nb,2016-12-29T00:00:00+00:00,https://zoom.us/j/446951876,15,true,2016-12-27T08:00:00+00:00,,false,AC,http://data-science-career.springboard.com/,4284,http://data-science-career.springboard.com/,8,true,3767,26,Data Science Career Track,4,data-science-career-track,,
2500810911079288,yerraeee@gmail.com,,155244,Chrome 54.0.2840,Richardson,United States,Desktop,www.springboard.com/workshops/data-science-career-track,Windows 7,http://dataconomy.com/springboard-data-science-bootcamp/,Texas,,,,,,2016-12-13 14:34:40,2017-01-26 20:15:47,17ycgvz9ev157,https://www.springboard.com/schedule/kane-li/,kane@springboard.com,Kane,Kane Li,4800,127,2017-01-30T08:00:00+00:00,http://dscareercommunity.springboard.com,https://www.springboard.com/workshops/data-science-career-track/learn/,US/Central,-4,,Mahesh,,,,"1)I want to master  DataScience tools those enable me to approach any problem confidently and derive appropriate solution/results. 

a)Master the Methods & Algorithms and able to create new innovative Algorithms
b)Master coding techniques.(need much focus here ). 

2)Should be able build my own Mobile/Web applications to execute my own ideas.

I am ready to work much more than expected hours to Master in DataScience skills. I know its tough, but it is also fun. I love doing things.",false,false,true,Yerra,https://www.springboard.com/mentor-dashboard#4504,raj@rajivshah.com,Rajiv,Rajiv Shah,525,US/Central,true,https://www.springboard.com/powwow/call/4504,2017-02-02T02:30:00+00:00,,https://www.youtube.com/playlist?list=PLjKxfZpleE6ARDh12WsI12JjdKUN8J2nb,2017-01-25T20:00:00+00:00,https://zoom.us/j/851716723,15,true,2017-01-24T08:00:00+00:00,,false,AC,http://data-science-career.springboard.com/,4504,http://data-science-career.springboard.com/,0,true,3958,26,Data Science Career Track,0,data-science-career-track,,
1370774157462733,erick5@uci.edu,156571,156571,Safari 10.0,San Jose,United States,Desktop,www.springboard.com/,Mac OS X 10.12,https://www.google.com/,California,,,,,,2017-01-03 20:15:23,2017-01-26 19:19:23,17ycgvz9ev157,https://www.springboard.com/schedule/kane-li/,kane@springboard.com,Kane,Kane Li,0,127,2017-01-30T08:00:00+00:00,http://dscareercommunity.springboard.com,https://www.springboard.com/workshops/data-science-career-track/learn/,US/Pacific,-4,2017-07-30,Eric,,,,I want to build a strong portfolio to become a Data Scientist for a hospital or business center relating to stocks.,false,false,true,Kim,https://www.springboard.com/mentor-dashboard#4510,ryan.rosario@gmail.com,Ryan,Ryan Rosario,500,US/Pacific,true,https://www.springboard.com/powwow/call/4510,2017-02-02T01:30:00+00:00,2017-02-28T08:00:00+00:00,https://www.youtube.com/playlist?list=PLjKxfZpleE6ARDh12WsI12JjdKUN8J2nb,2017-01-25T20:00:00+00:00,https://zoom.us/j/851716723,15,true,2017-01-24T08:00:00+00:00,,false,AC,http://data-science-career.springboard.com/,4510,http://data-science-career.springboard.com/,2,true,3976,26,Data Science Career Track,2,data-science-career-track,,
3142583900338848,hybridboy11@gmail.com,155459,155459,Mobile Safari 10.0,Gilbert,United States,Mobile,www.springboard.com/workshops/data-science-career-track,iOS 10.2,https://www.google.com/,Arizona,,,,,,2016-12-25 22:28:33,2017-01-26 19:12:40,17ycgvz9ev157,https://www.springboard.com/schedule/kane-li/,kane@springboard.com,Kane,Kane Li,1000,127,2017-01-30T08:00:00+00:00,http://dscareercommunity.springboard.com,https://www.springboard.com/workshops/data-science-career-track/learn/,US/Arizona,-4,2017-07-30,shashank,,,,"1. To be able to use data science concepts in solving big data problems.
2. To be able to use machine learning in solving interesting problems",true,false,false,nainwal,https://www.springboard.com/mentor-dashboard#4520,ryan.rosario@gmail.com,Ryan,Ryan Rosario,500,US/Pacific,true,https://www.springboard.com/powwow/call/4520,2017-02-02T02:30:00+00:00,2017-02-28T08:00:00+00:00,https://www.youtube.com/playlist?list=PLjKxfZpleE6ARDh12WsI12JjdKUN8J2nb,2017-01-25T20:00:00+00:00,https://zoom.us/j/851716723,13,true,2017-01-24T08:00:00+00:00,,false,AC,http://data-science-career.springboard.com/,4520,http://data-science-career.springboard.com/,0,true,4184,26,Data Science Career Track,0,data-science-career-track,,
460371274399829,mattmrwills@gmail.com,,154737,Safari 10.0.1,Brookline,United States,Desktop,www.springboard.com/blog/data-science-career-paths-different-roles-industry/,Mac OS X 10.12.1,https://www.google.com/,Massachusetts,,,,,,2016-12-13 22:04:24,2017-01-26 18:45:29,17ycgvz9ev157,https://www.springboard.com/schedule/kane-li/,kane@springboard.com,Kane,Kane Li,1000,103,2017-01-02T08:00:00+00:00,http://dscareercommunity.springboard.com,https://www.springboard.com/workshops/data-science-career-track/learn/,US/Eastern,24,,Matthew,,,,"'- Build a comprehensive portfolio that showcases my data science knowledge and skillset. 
- Land a ""Data Scientist"" role for a company within one of my desired industries.",true,false,false,Wills,https://www.springboard.com/mentor-dashboard#4287,a.sanchez.824@gmail.com,AJ,AJ Sanchez,501,US/Eastern,true,https://www.springboard.com/powwow/call/4287,2017-02-02T01:30:00+00:00,2017-02-02T08:00:00+00:00,https://www.youtube.com/playlist?list=PLjKxfZpleE6ARDh12WsI12JjdKUN8J2nb,2016-12-29T00:00:00+00:00,https://zoom.us/j/446951876,13,true,2016-12-27T08:00:00+00:00,,false,AC,http://data-science-career.springboard.com/,4287,http://data-science-career.springboard.com/,18,true,3864,26,Data Science Career Track,12,data-science-career-track,,
3780823138535809,falgunipm@gmail.com,,119912,Firefox 47.0,Jersey City,United States,Desktop,www.springboard.com/accounts/login,Windows 10,direct,New Jersey,,,,,,2016-09-11 16:47:41,2017-01-26 18:04:02,17ycgvz9ev157,https://www.springboard.com/schedule/kane-li/,kane@springboard.com,Kane,Kane Li,4800,127,2017-01-30T08:00:00+00:00,http://dscareercommunity.springboard.com,https://www.springboard.com/workshops/data-science-career-track/learn/,US/Eastern,-4,2017-07-30,Falguni,2017-01-06,2017-01-24T07:59:59.999999+00:00,https://youtu.be/F8RHyptkHN0,"1. I would like to build my own Data Science Portfolio that covers all the Machine Learning Algorithms. 
2. Get a rank on Kaggle. 
3. Prepare myself for Data science interviews.",false,false,false,Mehta,https://www.springboard.com/mentor-dashboard#4522,matt@summitanalytics.io,Matt,Matt Fornito,506,US/Eastern,false,https://www.springboard.com/powwow/call/4522,2017-01-31T00:00:00+00:00,2017-01-06T15:59:00+00:00,https://www.youtube.com/playlist?list=PLjKxfZpleE6ARDh12WsI12JjdKUN8J2nb,2017-01-25T20:00:00+00:00,https://zoom.us/j/851716723,15,true,2017-01-24T08:00:00+00:00,https://www.springboard.com/profile#user-profile,false,AC,http://data-science-career.springboard.com/,4522,http://data-science-career.springboard.com/,3,true,4073,26,Data Science Career Track,3,data-science-career-track,https://www.springboard.com/profile#user-profile,Data Science
6734057853498435,todd.r.kingston@gmail.com,,158323,Chrome 55.0.2883,Jersey City,United States,Desktop,www.springboard.com/workshops/data-science-career-track,Windows 7,direct,New Jersey,DSCWorkshop,,pdf,Syllabus,,2017-01-05 11:04:29,2017-01-26 17:56:02,17ycgvz9ev157,https://www.springboard.com/schedule/kane-li/,kane@springboard.com,Kane,Kane Li,4800,127,2017-01-30T08:00:00+00:00,http://dscareercommunity.springboard.com,https://www.springboard.com/workshops/data-science-career-track/learn/,US/Eastern,-4,2017-07-30,Todd,,,,"I would like to be able to assess problems, and have a good feel for how to go about asking and answering the correct questions to solve that problem using data. Specifically this would most likely involve having a good feel for many different types of models and when/how to apply them successfully.",false,false,false,Kingston,https://www.springboard.com/mentor-dashboard#4484,a.sanchez.824@gmail.com,AJ,AJ Sanchez,501,US/Eastern,true,https://www.springboard.com/powwow/call/4484,2017-01-31T01:00:00+00:00,,https://www.youtube.com/playlist?list=PLjKxfZpleE6ARDh12WsI12JjdKUN8J2nb,2017-01-25T20:00:00+00:00,https://zoom.us/j/851716723,15,true,2017-01-24T08:00:00+00:00,,false,AC,http://data-science-career.springboard.com/,4484,http://data-science-career.springboard.com/,3,true,3998,26,Data Science Career Track,3,data-science-career-track,,
1225259258363613,robert.a.cubie@gmail.com,,155517,Firefox 48.0,Washington,United States,Desktop,www.springboard.com/workshops/data-science,Mac OS X 10.11,https://www.google.com/,District of Columbia,,,,,,2016-12-14 10:50:06,2017-01-26 17:32:26,17ycgvz9ev157,https://www.springboard.com/schedule/kane-li/,kane@springboard.com,Kane,Kane Li,4800,103,2017-01-02T08:00:00+00:00,http://dscareercommunity.springboard.com,https://www.springboard.com/workshops/data-science-career-track/learn/,US/Eastern,24,,Robert,,,,"Confidence in practical application of data science theory through coding and to know that I meet the industry standard even if just at entry level.

A better insight into the requirements of the private sector and a clearer idea of the different roles and where I would be best suited.",false,false,false,Cubie,https://www.springboard.com/mentor-dashboard#4293,ryan.rosario@gmail.com,Ryan,Ryan Rosario,500,US/Pacific,true,https://www.springboard.com/powwow/call/4293,2017-01-31T01:00:00+00:00,,https://www.youtube.com/playlist?list=PLjKxfZpleE6ARDh12WsI12JjdKUN8J2nb,2016-12-29T00:00:00+00:00,https://zoom.us/j/446951876,15,true,2016-12-27T08:00:00+00:00,,false,AC,http://data-science-career.springboard.com/,4293,http://data-science-career.springboard.com/,7,true,3929,26,Data Science Career Track,4,data-science-career-track,,
7336800234434269,mworles@gmail.com,,150040,Chrome 54.0.2840,La Jolla,United States,Desktop,www.springboard.com/workshops/data-science-career-track,Windows 7,http://mkto-ab200069.com/kF08M0T006001L7fQ00Z10K,California,DSCWorkshop,,email_WO,DSC_Strong_List_New,,2016-11-11 13:43:25,2017-01-26 17:09:00,17ycgvz9ev157,https://www.springboard.com/schedule/kane-li/,kane@springboard.com,Kane,Kane Li,1000,103,2017-01-02T08:00:00+00:00,http://dscareercommunity.springboard.com,https://www.springboard.com/workshops/data-science-career-track/learn/,US/Pacific,24,,Matthew,,,,"Develop strong expertise in common programming languages, including Python and R. 
Become more efficient in acquiring and cleaning big data from unstructured or ""messy"" sources (e.g., web-based, text)
Develop ability to integrate statistical models into data products",true,false,false,Worley,https://www.springboard.com/mentor-dashboard#4288,a.sanchez.824@gmail.com,AJ,AJ Sanchez,501,US/Eastern,true,https://www.springboard.com/powwow/call/4288,2017-01-27T21:00:00+00:00,2017-02-02T15:00:00+00:00,https://www.youtube.com/playlist?list=PLjKxfZpleE6ARDh12WsI12JjdKUN8J2nb,2016-11-22T21:00:00+00:00,https://zoom.us/j/446951876,13,true,2016-12-27T08:00:00+00:00,,false,AC,http://data-science-career.springboard.com/,4288,http://data-science-career.springboard.com/,9,true,3540,26,Data Science Career Track,6,data-science-career-track,,
3855472520620591,amrndr.s@gmail.com,,51533,Chrome 54.0.2840,Germantown,United States,Desktop,www.springboard.com/workshops/data-science-intensive/,Windows 7,https://www.google.com/,Maryland,,,,,,2016-12-12 11:11:43,2017-01-26 17:00:03,17ycgvz9ev157,https://www.springboard.com/schedule/kane-li/,kane@springboard.com,Kane,Kane Li,1000,127,2017-01-30T08:00:00+00:00,http://dscareercommunity.springboard.com,https://www.springboard.com/workshops/data-science-career-track/learn/,US/Eastern,-4,2017-07-30,Amarender Singh,,,,'- To be able to find interesting patterns & insights in data,true,false,false,Sardar,https://www.springboard.com/mentor-dashboard#4502,raj@rajivshah.com,Rajiv,Rajiv Shah,525,US/Central,true,https://www.springboard.com/powwow/call/4502,2017-02-01T00:30:00+00:00,2017-02-28T08:00:00+00:00,https://www.youtube.com/playlist?list=PLjKxfZpleE6ARDh12WsI12JjdKUN8J2nb,2017-01-25T20:00:00+00:00,https://zoom.us/j/851716723,13,true,2017-01-24T08:00:00+00:00,,false,AC,http://data-science-career.springboard.com/,4502,http://data-science-career.springboard.com/,0,true,3999,26,Data Science Career Track,0,data-science-career-track,,
5119164747918870,byron.j.housten@gmail.com,,121439,Chrome 54.0.2840,Chicago,United States,Desktop,www.springboard.com/,Windows 10,direct,Illinois,,,,,,2016-12-14 15:46:51,2017-01-26 16:39:09,17ycgvz9ev157,https://www.springboard.com/schedule/kane-li/,kane@springboard.com,Kane,Kane Li,1000,103,2017-01-02T08:00:00+00:00,http://dscareercommunity.springboard.com,https://www.springboard.com/workshops/data-science-career-track/learn/,US/Central,24,,Byron,,,,"1. Achieve a working knowledge of how to approach analytic problems, how to discover insights and communicate my findings
2. Build a portfolio of projects to showcase to potential employers",true,false,false,Housten,https://www.springboard.com/mentor-dashboard#4272,eric@instacart.com,Eric,Eric Rynerson,504,US/Pacific,true,https://www.springboard.com/powwow/call/4272,2017-01-31T20:00:00+00:00,2017-02-02T08:00:00+00:00,https://www.youtube.com/playlist?list=PLjKxfZpleE6ARDh12WsI12JjdKUN8J2nb,2016-12-29T00:00:00+00:00,https://zoom.us/j/446951876,13,true,2016-12-27T08:00:00+00:00,,false,AC,http://data-science-career.springboard.com/,4272,http://data-science-career.springboard.com/,39,true,3801,26,Data Science Career Track,9,data-science-career-track,,
8479229761181794,karwa.yashu@gmail.com,,53482,Chrome 54.0.2840,London,United Kingdom,Desktop,www.springboard.com/workshops/data-science-career-track,Windows 10,https://www.linkedin.com/,England,,,,,,2017-01-02 20:13:19,2017-01-26 16:25:40,17ycgvz9ev157,https://www.springboard.com/schedule/kane-li/,kane@springboard.com,Kane,Kane Li,1000,127,2017-01-30T08:00:00+00:00,http://dscareercommunity.springboard.com,https://www.springboard.com/workshops/data-science-career-track/learn/,US/Pacific,-4,2017-07-30,Yash,,,,"1. Learn / apply skill-sets to solve Business problems for real datasets.
2.  Transition from Data Analyst to Data Scientist.
3.  Job Opportunity.",true,false,true,Karwa,https://www.springboard.com/mentor-dashboard#4506,raj@rajivshah.com,Rajiv,Rajiv Shah,525,US/Central,true,https://www.springboard.com/powwow/call/4506,2017-02-02T11:30:00+00:00,2017-02-28T08:00:00+00:00,https://www.youtube.com/playlist?list=PLjKxfZpleE6ARDh12WsI12JjdKUN8J2nb,2017-01-25T20:00:00+00:00,https://zoom.us/j/851716723,13,true,2017-01-24T08:00:00+00:00,,false,AC,http://data-science-career.springboard.com/,4506,http://data-science-career.springboard.com/,14,true,3991,26,Data Science Career Track,14,data-science-career-track,,
5373796001809563,jdatascientist@gmail.com,,154902,Safari 10.0.2,Tucson,United States,Desktop,www.springboard.com/workshops/payments-register/data-science-career-track,Mac OS X 10.10.5,direct,Arizona,,,,,,2016-12-21 11:56:42,2017-01-26 16:21:24,17ycgvz9ev157,https://www.springboard.com/schedule/kane-li/,kane@springboard.com,Kane,Kane Li,1000,127,2017-01-30T08:00:00+00:00,http://dscareercommunity.springboard.com,https://www.springboard.com/workshops/data-science-career-track/learn/,US/Arizona,-4,,Julio,,,,"1- Create a portfolio of data science projects using very large datasets
2- Establish a network of data scientist",true,false,true,Cárdenas-Rodríguez,https://www.springboard.com/mentor-dashboard#4489,alexchao56@gmail.com,Alex,Alex Chao,523,US/Eastern,true,https://www.springboard.com/powwow/call/4489,2017-02-02T03:30:00+00:00,2017-02-28T08:00:00+00:00,https://www.youtube.com/playlist?list=PLjKxfZpleE6ARDh12WsI12JjdKUN8J2nb,2017-01-25T20:00:00+00:00,https://zoom.us/j/851716723,13,true,2017-01-24T08:00:00+00:00,,false,AC,http://data-science-career.springboard.com/,4489,http://data-science-career.springboard.com/,10,true,3879,26,Data Science Career Track,6,data-science-career-track,,
8485803374364054,zhao1701@gmail.com,,158058,Chrome 55.0.2883,Elmhurst,United States,Desktop,www.springboard.com/,Windows 10,direct,New York,kddscblast,,email,kdnuggets,,2017-01-10 9:18:27,2017-01-26 16:16:41,17ycgvz9ev157,https://www.springboard.com/schedule/kane-li/,kane@springboard.com,Kane,Kane Li,4800,127,2017-01-30T08:00:00+00:00,http://dscareercommunity.springboard.com,https://www.springboard.com/workshops/data-science-career-track/learn/,US/Central,-4,2017-07-30,Derek,,,,"I am applying to MS in Data Science programs this semester. If I get into the programs I want, I hope this workshop will provide the basis to more easily explore advanced topics in graduate school. If not, this workshop and the ensuing job/contract/internship would surely be a crucial component in building a stronger application. Best case scenario: I learn so much that I decide to forego graduate school and just start working.",false,false,true,Zhao,https://www.springboard.com/mentor-dashboard#4490,alexchao56@gmail.com,Alex,Alex Chao,523,US/Eastern,true,https://www.springboard.com/powwow/call/4490,2017-02-02T03:00:00+00:00,,https://www.youtube.com/playlist?list=PLjKxfZpleE6ARDh12WsI12JjdKUN8J2nb,2017-01-25T20:00:00+00:00,https://zoom.us/j/851716723,15,true,2017-01-24T08:00:00+00:00,,false,AC,http://data-science-career.springboard.com/,4490,http://data-science-career.springboard.com/,2,true,3989,26,Data Science Career Track,2,data-science-career-track,,
4804836632251966,ssharma1081@gmail.com,,122375,Chrome 54.0.2840,Melbourne,United States,Desktop,www.springboard.com/blog/ux-23-best-ux-books/,Mac OS X 10.12.1,https://www.google.com/,Florida,,,,,,2016-11-29 20:32:51,2017-01-26 15:25:23,17ycgvz9ev157,https://www.springboard.com/schedule/kane-li/,kane@springboard.com,Kane,Kane Li,1000,127,2017-01-30T08:00:00+00:00,http://dscareercommunity.springboard.com,https://www.springboard.com/workshops/data-science-career-track/learn/,US/Central,-4,,Siddharth,,,,My main goal would be to learn principles of Probability and Statistics for analyzing data sets and get acquainted with the basics of Machine Learning and Data Engineering.,true,false,true,Sharma,https://www.springboard.com/mentor-dashboard#4503,raj@rajivshah.com,Rajiv,Rajiv Shah,525,US/Central,true,https://www.springboard.com/powwow/call/4503,2017-02-02T04:30:00+00:00,2017-02-28T08:00:00+00:00,https://www.youtube.com/playlist?list=PLjKxfZpleE6ARDh12WsI12JjdKUN8J2nb,,,13,true,2017-01-24T08:00:00+00:00,,true,AC,http://data-science-career.springboard.com/,4503,http://data-science-career.springboard.com/,0,true,3857,26,Data Science Career Track,0,data-science-career-track,,
2105492226626259,dkile313@gmail.com,,145491,Firefox 49.0,Austin,United States,Desktop,www.springboard.com/,Windows 10,http://www.mastersindatascience.org/schools/data-science-bootcamps/,Texas,,,,,,2016-10-18 11:58:59,2017-01-26 14:17:02,17ycgvz9ev157,https://www.springboard.com/schedule/kane-li/,kane@springboard.com,Kane,Kane Li,0,102,2016-11-28T08:00:00+00:00,http://dscareercommunity.springboard.com,https://www.springboard.com/workshops/data-science-career-track/learn/,US/Central,59,,David,2016-11-28,2017-01-29T07:59:59.999999+00:00,https://youtu.be/9XDp2akhOaQ?list=PLjKxfZpleE6Dod1y8iiRtEV8NPv9bPok6,"I would like to achieve proficiency in Python to the point that I am confident in my ability to handle a diversity of problems using the language, and have a strong portfolio of applied programming to show to prospective employers.",true,false,true,Kile,https://www.springboard.com/mentor-dashboard#4139,a.sanchez.824@gmail.com,AJ,AJ Sanchez,501,US/Eastern,true,https://www.springboard.com/powwow/call/4139,2017-01-31T00:30:00+00:00,2017-03-01T01:11:00+00:00,https://www.youtube.com/playlist?list=PLjKxfZpleE6ARDh12WsI12JjdKUN8J2nb,2016-10-20T01:00:00+00:00,https://zoom.us/j/913204371,13,true,2016-11-22T08:00:00+00:00,https://www.springboard.com/profile#user-profile,true,AC,http://data-science-career.springboard.com/,4139,http://data-science-career.springboard.com/,31,true,3608,26,Data Science Career Track,1,data-science-career-track,https://www.springboard.com/profile#user-profile,Data Science
5517050707779954,sarmad.tanwir@gmail.com,,109134,Chrome 54.0.2840,Blacksburg,United States,Desktop,www.springboard.com/workshops/data-science-career-track,Windows 10,http://mkto-ab200069.com/Lf01KL0000Z60FmEr0M070T,Virginia,DSCWorkshop,,email_WO,DSC_Strong_List_New,,2016-11-08 9:55:37,2017-01-26 14:11:52,17ycgvz9ev157,https://www.springboard.com/schedule/kane-li/,kane@springboard.com,Kane,Kane Li,1000,103,2017-01-02T08:00:00+00:00,http://dscareercommunity.springboard.com,https://www.springboard.com/workshops/data-science-career-track/learn/,US/Pacific,24,,Sarmad,,,,I want to learn how to complete a data science project independently starting from asking good questions and getting relevant data to presenting useful solutions to the decision makers.,true,false,false,Tanwir,https://www.springboard.com/mentor-dashboard#4283,ryan.rosario@gmail.com,Ryan,Ryan Rosario,500,US/Pacific,true,https://www.springboard.com/powwow/call/4283,2017-01-27T22:00:00+00:00,2017-02-02T15:00:00+00:00,https://www.youtube.com/playlist?list=PLjKxfZpleE6ARDh12WsI12JjdKUN8J2nb,2016-12-29T00:00:00+00:00,https://zoom.us/j/446951876,13,true,2016-12-27T08:00:00+00:00,,false,AC,http://data-science-career.springboard.com/,4283,http://data-science-career.springboard.com/,13,true,3537,26,Data Science Career Track,7,data-science-career-track,,
2103117005914471,jalexspringer@gmail.com,,153715,Chrome 55.0.2883,Santa Barbara,United States,Desktop,www.springboard.com/workshops/data-science-intensive/,Linux,https://www.google.com/,California,,,,,,2016-12-13 8:36:01,2017-01-26 9:04:59,17ycgvz9ev157,https://www.springboard.com/schedule/kane-li/,kane@springboard.com,Kane,Kane Li,1000,103,2017-01-02T08:00:00+00:00,http://dscareercommunity.springboard.com,https://www.springboard.com/workshops/data-science-career-track/learn/,US/Pacific,24,,Alex,2017-01-02T02:54:00.012214+00:00,,https://youtu.be/F8RHyptkHN0,"1) A portfolio demonstrating experience with the entire data science process from initial question to deliverable report/product.
2) An understanding of how a data science team functions and the skills to confidently join such a team and be able to make immediate contributions",true,false,false,Springer,https://www.springboard.com/mentor-dashboard#4281,ryan.rosario@gmail.com,Ryan,Ryan Rosario,500,US/Pacific,true,https://www.springboard.com/powwow/call/4281,2017-02-02T00:30:00+00:00,2017-02-02T08:00:00+00:00,https://www.youtube.com/playlist?list=PLjKxfZpleE6ARDh12WsI12JjdKUN8J2nb,2016-12-29T00:00:00+00:00,https://zoom.us/j/446951876,13,true,2016-12-27T08:00:00+00:00,https://www.springboard.com/profile#user-profile,false,AC,http://data-science-career.springboard.com/,4281,http://data-science-career.springboard.com/,17,true,3796,26,Data Science Career Track,4,data-science-career-track,https://www.springboard.com/profile#user-profile,Data Science
3227616963223259,samimust@gmail.com,,154966,Chrome 54.0.2840,Charlotte,United States,Desktop,www.springboard.com/workshops/data-science,Windows 7,https://www.google.com/,North Carolina,Data+Elixir,,email,Data_Elixir_101,,2016-11-07 4:41:20,2017-01-26 6:27:15,17ycgvz9ev157,https://www.springboard.com/schedule/kane-li/,kane@springboard.com,Kane,Kane Li,4800,127,2017-01-30T08:00:00+00:00,http://dscareercommunity.springboard.com,https://www.springboard.com/workshops/data-science-career-track/learn/,Africa/Khartoum,-4,,Sami,,,,"'-Be able to work independently in the whole data science/machine learning pipeline and complete real-life projects successfully

-Land in my dream data science job",false,false,true,Mustafa,https://www.springboard.com/mentor-dashboard#4492,alexchao56@gmail.com,Alex,Alex Chao,523,US/Eastern,true,https://www.springboard.com/powwow/call/4492,2017-02-04T13:00:00+00:00,,https://www.youtube.com/playlist?list=PLjKxfZpleE6ARDh12WsI12JjdKUN8J2nb,2017-01-25T20:00:00+00:00,https://zoom.us/j/851716723,15,true,2017-01-24T08:00:00+00:00,,false,AC,http://data-science-career.springboard.com/,4492,http://data-science-career.springboard.com/,0,true,3884,26,Data Science Career Track,0,data-science-career-track,,
3212076920937649,tejagst@gmail.com,,153710,Firefox 50.0,Fremont,United States,Desktop,www.springboard.com/workshops/data-science,Windows 10,https://www.google.com/,California,,,,,,2016-11-18 18:49:21,2017-01-26 0:14:54,17ycgvz9ev157,https://www.springboard.com/schedule/kane-li/,kane@springboard.com,Kane,Kane Li,1000,103,2017-01-02T08:00:00+00:00,http://dscareercommunity.springboard.com,https://www.springboard.com/workshops/data-science-career-track/learn/,US/Pacific,24,,Siva,2016-12-20,2017-02-21T07:59:59.999999+00:00,https://youtu.be/F8RHyptkHN0,I would like to learn what it takes to be a data scientist and gain a foothold in the industry.,true,false,false,Guggilla,https://www.springboard.com/mentor-dashboard#4292,matt@summitanalytics.io,Matt,Matt Fornito,506,US/Eastern,false,https://www.springboard.com/powwow/call/4292,2017-01-31T22:00:00+00:00,2017-02-02T08:00:00+00:00,https://www.youtube.com/playlist?list=PLjKxfZpleE6ARDh12WsI12JjdKUN8J2nb,2016-12-29T00:00:00+00:00,https://zoom.us/j/446951876,13,true,2016-12-27T08:00:00+00:00,https://www.springboard.com/profile#user-profile,false,AC,http://data-science-career.springboard.com/,4292,http://data-science-career.springboard.com/,1,true,3855,26,Data Science Career Track,0,data-science-career-track,https://www.springboard.com/profile#user-profile,Data Science
4138779189129913,skrzym@gmail.com,,120250,Edge 14.14393,San Ramon,United States,Desktop,www.springboard.com/,Windows 10,direct,California,,,,,,2017-01-10 9:27:38,2017-01-25 23:34:12,17ycgvz9ev157,https://www.springboard.com/schedule/kane-li/,kane@springboard.com,Kane,Kane Li,4800,127,2017-01-30T08:00:00+00:00,http://dscareercommunity.springboard.com,https://www.springboard.com/workshops/data-science-career-track/learn/,US/Pacific,-4,2017-07-30,Michael,,,,"1) Have a firm grasp on data science theory and find a specialty that I would like to focus in.
2) Build my portfolio and understanding of the data science job landscape to effectively pursue and secure a position in the Washington DC area.",false,false,false,Skrzypiec,https://www.springboard.com/mentor-dashboard#4493,arziai@gmail.com,Amir,Amir Ziai,519,US/Pacific,true,https://www.springboard.com/powwow/call/4493,2017-02-01T05:00:00+00:00,,https://www.youtube.com/playlist?list=PLjKxfZpleE6ARDh12WsI12JjdKUN8J2nb,2017-01-25T20:00:00+00:00,https://zoom.us/j/851716723,15,true,2017-01-24T08:00:00+00:00,,false,AC,http://data-science-career.springboard.com/,4493,http://data-science-career.springboard.com/,0,true,4141,26,Data Science Career Track,0,data-science-career-track,,
3727952377200794,rajit@springboard.com,,94450,Chrome 53.0.2785,San Francisco,United States,Desktop,www.springboard.com/workshops/data-science,Mac OS X 10.11,direct,California,,,,,,2016-09-20 15:09:17,2017-01-25 23:21:51,17ycgvz9ev157,https://www.springboard.com/schedule/kane-li/,kane@springboard.com,Kane,Kane Li,1000,102,2016-11-28T08:00:00+00:00,http://dscareercommunity.springboard.com,https://www.springboard.com/workshops/data-science-career-track/learn/,US/Pacific,16,,Rajit,,,,,true,false,false,Dasgupta,,,,,,,,,,2016-12-28T08:00:00+00:00,https://www.youtube.com/playlist?list=PLjKxfZpleE6ARDh12WsI12JjdKUN8J2nb,,,,false,2016-11-22T08:00:00+00:00,,true,AC,http://data-science-career.springboard.com/,,http://data-science-career.springboard.com/,0,true,3441,26,Data Science Career Track,0,data-science-career-track,,
4468818539648492,lane.kevin.a@gmail.com,,154592,Chrome 54.0.2840,San Diego,United States,Desktop,www.springboard.com/,Mac OS X 10.11.6,direct,California,,,,,,2016-12-13 15:06:03,2017-01-25 22:52:26,17ycgvz9ev157,https://www.springboard.com/schedule/kane-li/,kane@springboard.com,Kane,Kane Li,4800,103,2017-01-02T08:00:00+00:00,http://dscareercommunity.springboard.com,https://www.springboard.com/workshops/data-science-career-track/learn/,US/Pacific,24,,Kevin,,,,I want to gain more intuition as to what algorithm(s) are best suited to a given problem. I also want to learn how to scale algorithms to larger datasets.,false,false,false,Lane,https://www.springboard.com/mentor-dashboard#4290,a.sanchez.824@gmail.com,AJ,AJ Sanchez,501,US/Eastern,true,https://www.springboard.com/powwow/call/4290,2017-01-28T21:00:00+00:00,,https://www.youtube.com/playlist?list=PLjKxfZpleE6ARDh12WsI12JjdKUN8J2nb,2016-12-29T00:00:00+00:00,https://zoom.us/j/446951876,15,true,2016-12-27T08:00:00+00:00,,false,AC,http://data-science-career.springboard.com/,4290,http://data-science-career.springboard.com/,5,true,3840,26,Data Science Career Track,3,data-science-career-track,,
7623415493617952,jasonchiu0803@gmail.com,,113827,Chrome 53.0.2785,Alhambra,United States,Desktop,www.springboard.com/workshops/data-science-intensive/,Mac OS X 10.11.6,https://www.google.com/,California,,,,,,2016-09-20 21:51:16,2017-01-25 21:30:34,17ycgvz9ev157,https://www.springboard.com/schedule/kane-li/,kane@springboard.com,Kane,Kane Li,0,102,2016-11-28T08:00:00+00:00,http://dscareercommunity.springboard.com,https://www.springboard.com/workshops/data-science-career-track/learn/,US/Pacific,59,,Jason,2016-11-28,2017-01-29T07:59:59.999999+00:00,https://youtu.be/9XDp2akhOaQ?list=PLjKxfZpleE6Dod1y8iiRtEV8NPv9bPok6,"1. be familiar with how to use python for data science
2. Understand the different machine learning methods and how to appropriately apply them and refine them.",true,false,false,Chiu,https://www.springboard.com/mentor-dashboard#4142,ryan.rosario@gmail.com,Ryan,Ryan Rosario,500,US/Pacific,true,https://www.springboard.com/powwow/call/4142,2017-01-31T03:00:00+00:00,2017-01-11T20:10:00+00:00,https://www.youtube.com/playlist?list=PLjKxfZpleE6ARDh12WsI12JjdKUN8J2nb,2016-10-20T01:00:00+00:00,https://zoom.us/j/913204371,13,true,2016-11-22T08:00:00+00:00,https://www.springboard.com/profile#user-profile,true,AC,http://data-science-career.springboard.com/,4142,http://data-science-career.springboard.com/,24,true,3600,26,Data Science Career Track,6,data-science-career-track,https://www.springboard.com/profile#user-profile,Data Science
3260688198427137,kaleend101@gmail.com,,144492,Firefox 48.0,Rochester,United States,Desktop,www.springboard.com/workshops/data-science-intensive/,Windows 7,https://www.google.com/,Virginia,,,,,,2016-10-12 7:52:47,2017-01-25 18:00:31,17ycgvz9ev157,https://www.springboard.com/schedule/kane-li/,kane@springboard.com,Kane,Kane Li,4800,127,2017-01-30T08:00:00+00:00,http://dscareercommunity.springboard.com,https://www.springboard.com/workshops/data-science-career-track/learn/,US/Eastern,-4,2017-07-30,Kaleend,,,,"1. The primary goal to increase my knowledge in the field of data science and successfully make a career transition into the field of Data Science as a Data Scientist.
2. To master all the technologies, techniques, principles taught and successfully apply them on all projects.",false,false,true,Dharia,https://www.springboard.com/mentor-dashboard#4511,ryan.rosario@gmail.com,Ryan,Ryan Rosario,500,US/Pacific,true,https://www.springboard.com/powwow/call/4511,2017-02-02T00:00:00+00:00,,https://www.youtube.com/playlist?list=PLjKxfZpleE6ARDh12WsI12JjdKUN8J2nb,2017-01-25T20:00:00+00:00,https://zoom.us/j/851716723,15,true,2017-01-24T08:00:00+00:00,,false,AC,http://data-science-career.springboard.com/,4511,http://data-science-career.springboard.com/,0,true,3992,26,Data Science Career Track,0,data-science-career-track,,
1581176033399300,nanakwakwa@gmail.com,152786,152786,Chrome 54.0.2840,Cambridge,United States,Desktop,www.springboard.com/learning-paths/data-analysis/,Windows 7,https://www.kaggle.com/wiki/Tutorials,Massachusetts,,,,,,2016-12-07 11:34:20,2017-01-25 17:23:37,17ycgvz9ev157,https://www.springboard.com/schedule/kane-li/,kane@springboard.com,Kane,Kane Li,1000,103,2017-01-02T08:00:00+00:00,http://dscareercommunity.springboard.com,https://www.springboard.com/workshops/data-science-career-track/learn/,US/Eastern,24,,Nana,,,,"I would like to be able to tackle data-driven projects and challenges and produce .
I would like to start my career as a data scientist.",true,false,true,Kwakwa,https://www.springboard.com/mentor-dashboard#4280,ryan.rosario@gmail.com,Ryan,Ryan Rosario,500,US/Pacific,true,https://www.springboard.com/powwow/call/4280,2017-02-02T01:00:00+00:00,2017-02-02T08:00:00+00:00,https://www.youtube.com/playlist?list=PLjKxfZpleE6ARDh12WsI12JjdKUN8J2nb,2016-12-29T00:00:00+00:00,https://zoom.us/j/446951876,13,true,2016-12-27T08:00:00+00:00,,false,AC,http://data-science-career.springboard.com/,4280,http://data-science-career.springboard.com/,4,true,3769,26,Data Science Career Track,1,data-science-career-track,,
4422412013452231,axelmichael11@gmail.com,,154917,Chrome 54.0.2840,Renton,United States,Desktop,www.springboard.com/workshops/data-science/,Mac OS X 10.11.5,http://www.skilledup.com/articles/list-data-science-bootcamps,Washington,,,,,,2016-11-14 1:02:28,2017-01-25 17:13:19,17ycgvz9ev157,https://www.springboard.com/schedule/kane-li/,kane@springboard.com,Kane,Kane Li,1000,103,2017-01-02T08:00:00+00:00,http://dscareercommunity.springboard.com,https://www.springboard.com/workshops/data-science-career-track/learn/,US/Pacific,24,,Michael,,,,I would like to finish several different projects,true,false,false,Axelson,https://www.springboard.com/mentor-dashboard#4297,paschal83@gmail.com,Ike,Ike Okonkwo,505,US/Pacific,true,https://www.springboard.com/powwow/call/4297,2017-02-01T03:00:00+00:00,2017-02-02T08:00:00+00:00,https://www.youtube.com/playlist?list=PLjKxfZpleE6ARDh12WsI12JjdKUN8J2nb,2016-12-29T00:00:00+00:00,https://zoom.us/j/446951876,13,true,2016-12-27T08:00:00+00:00,,false,AC,http://data-science-career.springboard.com/,4297,http://data-science-career.springboard.com/,10,true,3941,26,Data Science Career Track,6,data-science-career-track,,
5579278531120936,sbinenfeld@gmail.com,,154467,Safari 10.0.1,Atlanta,United States,Desktop,www.springboard.com/,Mac OS X 10.12.1,direct,Georgia,,,,,,2016-12-13 6:43:05,2017-01-25 16:04:04,17ycgvz9ev157,https://www.springboard.com/schedule/kane-li/,kane@springboard.com,Kane,Kane Li,4800,103,2017-01-02T08:00:00+00:00,http://dscareercommunity.springboard.com,https://www.springboard.com/workshops/data-science-career-track/learn/,US/Eastern,24,,Sam,,,,I want to be very comfortable scraping data and I want to be able to create something using machine learning.,false,false,false,Binenfeld,https://www.springboard.com/mentor-dashboard#4294,ryan.rosario@gmail.com,Ryan,Ryan Rosario,500,US/Pacific,true,https://www.springboard.com/powwow/call/4294,2017-02-01T23:30:00+00:00,,https://www.youtube.com/playlist?list=PLjKxfZpleE6ARDh12WsI12JjdKUN8J2nb,2016-12-29T00:00:00+00:00,https://zoom.us/j/446951876,15,true,2016-12-27T08:00:00+00:00,,false,AC,http://data-science-career.springboard.com/,4294,http://data-science-career.springboard.com/,7,true,3901,26,Data Science Career Track,5,data-science-career-track,,
3500338218952284,rcrumpler@gmail.com,154047,154047,Chrome 54.0.2840,Weaverville,United States,Desktop,www.springboard.com/workshops/data-science-career-track/,Windows 7,https://www.reddit.com/r/learnprogramming/comments/5hzjcb/im_a_data_scientist_who_transitioned_to_the_field/,North Carolina,,,,,,2016-12-16 7:59:37,2017-01-25 12:32:42,17ycgvz9ev157,https://www.springboard.com/schedule/kane-li/,kane@springboard.com,Kane,Kane Li,1000,127,2017-01-30T08:00:00+00:00,http://dscareercommunity.springboard.com,https://www.springboard.com/workshops/data-science-career-track/learn/,US/Eastern,-4,,Ryan,,,,Use python to analyze and display important relationships in data.  Be comfortable and confident talking to hiring managers about my skills and what I can bring to their company.,true,false,true,Crumpler,https://www.springboard.com/mentor-dashboard#4523,matt@summitanalytics.io,Matt,Matt Fornito,506,US/Eastern,false,https://www.springboard.com/powwow/call/4523,2017-01-31T22:30:00+00:00,2017-02-28T08:00:00+00:00,https://www.youtube.com/playlist?list=PLjKxfZpleE6ARDh12WsI12JjdKUN8J2nb,2017-01-25T20:00:00+00:00,https://zoom.us/j/851716723,13,true,2017-01-24T08:00:00+00:00,,false,AC,http://data-science-career.springboard.com/,4523,http://data-science-career.springboard.com/,0,true,3885,26,Data Science Career Track,0,data-science-career-track,,
8227792466447428,davidjeremywatts@gmail.com,,157165,Chrome 55.0.2883,Scottsdale,United States,Desktop,www.springboard.com/,Linux,direct,Arizona,ds2_leadgen_20161026,ad_1,cpc,quora,us_ca,2016-12-21 9:54:42,2017-01-25 12:28:22,17ycgvz9ev157,https://www.springboard.com/schedule/kane-li/,kane@springboard.com,Kane,Kane Li,1000,127,2017-01-30T08:00:00+00:00,http://dscareercommunity.springboard.com,https://www.springboard.com/workshops/data-science-career-track/learn/,US/Arizona,-4,2017-07-30,David,,,,"I would like to feel comfortable using machine learning techniques to analyze data and produce meaningful conclusions, and I would like to have 2 solid projects under my belt (or in the works) that I can use as resume pieces.",true,false,true,Watts,https://www.springboard.com/mentor-dashboard#4515,alexchao56@gmail.com,Alex,Alex Chao,523,US/Eastern,true,https://www.springboard.com/powwow/call/4515,2017-02-02T02:00:00+00:00,2017-02-28T08:00:00+00:00,https://www.youtube.com/playlist?list=PLjKxfZpleE6ARDh12WsI12JjdKUN8J2nb,2017-01-25T20:00:00+00:00,https://zoom.us/j/851716723,13,true,2017-01-24T08:00:00+00:00,,false,AC,http://data-science-career.springboard.com/,4515,http://data-science-career.springboard.com/,1,true,3985,26,Data Science Career Track,1,data-science-career-track,,
5253524533222782,jingyu120@gmail.com,,155217,Mobile Safari 10.0,Troy,United States,Mobile,www.springboard.com/workshops/data-science-career-track/,iOS 10.1.1,http://mkto-ab200069.com/q0KF070IMk0T1h01L0qA00n,Michigan,jan2,,email,dsexisting value add,,2016-11-09 18:44:00,2017-01-25 12:27:02,17ycgvz9ev157,https://www.springboard.com/schedule/kane-li/,kane@springboard.com,Kane,Kane Li,1000,127,2017-01-30T08:00:00+00:00,http://dscareercommunity.springboard.com,https://www.springboard.com/workshops/data-science-career-track/learn/,US/Eastern,-4,,Justin,,,,I want to learn skills relating to regression and also become proficient with a programming language such as python.,true,false,true,Zhang,https://www.springboard.com/mentor-dashboard#4501,raj@rajivshah.com,Rajiv,Rajiv Shah,525,US/Central,true,https://www.springboard.com/powwow/call/4501,2017-01-31T11:30:00+00:00,2017-02-28T08:00:00+00:00,https://www.youtube.com/playlist?list=PLjKxfZpleE6ARDh12WsI12JjdKUN8J2nb,2017-01-25T20:00:00+00:00,https://zoom.us/j/851716723,13,true,2017-01-24T08:00:00+00:00,,false,AC,http://data-science-career.springboard.com/,4501,http://data-science-career.springboard.com/,0,true,3915,26,Data Science Career Track,0,data-science-career-track,,
1999248114578886,davidpabloalbrecht@gmail.com,158325,158325,Safari 8.0.5,La Jolla,United States,Desktop,www.springboard.com/workshops/data-science-career-track,Mac OS X 10.10.3,http://www.kdnuggets.com/2017/01/springboard-bootcamp-data-science-job-guaranteed.html,California,kddscblast,,email,kdnuggets,,2017-01-14 13:21:23,2017-01-25 12:03:22,17ycgvz9ev157,https://www.springboard.com/schedule/kane-li/,kane@springboard.com,Kane,Kane Li,4800,127,2017-01-30T08:00:00+00:00,http://dscareercommunity.springboard.com,https://www.springboard.com/workshops/data-science-career-track/learn/,US/Pacific,-4,2017-07-30,David,,,,"1) I want to learn about the industries where data science is useful and valued, and find my niche. I have a strong background in finance and think I can use that as leverage, but do not necessarily need to work in the finance field.

2) I want to have a solid understanding of what really goes into the algorithms and their uses. It is not enough to me to know that I can use a decision tree algorithm - I want to learn how it works from both a mathematical and a real-world, applicable, business context.",false,false,false,Albrecht,https://www.springboard.com/mentor-dashboard#4513,ryan.rosario@gmail.com,Ryan,Ryan Rosario,500,US/Pacific,true,https://www.springboard.com/powwow/call/4513,2017-02-02T04:00:00+00:00,,https://www.youtube.com/playlist?list=PLjKxfZpleE6ARDh12WsI12JjdKUN8J2nb,2017-01-25T20:00:00+00:00,https://zoom.us/j/851716723,15,true,2017-01-24T08:00:00+00:00,,false,AC,http://data-science-career.springboard.com/,4513,http://data-science-career.springboard.com/,0,true,4194,26,Data Science Career Track,0,data-science-career-track,,
1504339747678858,druchefavour@gmail.com,,156877,Chrome 55.0.2883,Katy,United States,Desktop,www.springboard.com/workshops/data-science-career-track,Windows 7,http://www.kdnuggets.com/2017/01/springboard-bootcamp-data-science-job-guaranteed.html,Texas,kddscblast,,email,kdnuggets,,2017-01-05 11:46:31,2017-01-25 7:33:09,17ycgvz9ev157,https://www.springboard.com/schedule/kane-li/,kane@springboard.com,Kane,Kane Li,4800,127,2017-01-30T08:00:00+00:00,http://dscareercommunity.springboard.com,https://www.springboard.com/workshops/data-science-career-track/learn/,US/Central,-4,2017-07-30,Angus,,,,"1. To become a through bred data scientist with all the skills required to excel in the career.
2. Career change to Data science",false,false,true,Ogubuike,https://www.springboard.com/mentor-dashboard#4524,matt@summitanalytics.io,Matt,Matt Fornito,506,US/Eastern,false,https://www.springboard.com/powwow/call/4524,2017-01-31T23:30:00+00:00,,https://www.youtube.com/playlist?list=PLjKxfZpleE6ARDh12WsI12JjdKUN8J2nb,2017-01-25T20:00:00+00:00,https://zoom.us/j/851716723,15,true,2017-01-24T08:00:00+00:00,,false,AC,http://data-science-career.springboard.com/,4524,http://data-science-career.springboard.com/,0,true,3963,26,Data Science Career Track,0,data-science-career-track,,
7122055585726448,kliton.andrea@gmail.com,153802,153802,Chrome Mobile 54.0.2840,Oakley,United States,Mobile,www.springboard.com/workshops/data-science-career-track,Android 6.0.1,http://dataconomy.com/springboard-data-science-bootcamp/,California,,,,,,2016-12-12 21:05:20,2017-01-25 7:07:53,17ycgvz9ev157,https://www.springboard.com/schedule/kane-li/,kane@springboard.com,Kane,Kane Li,1000,103,2017-01-02T08:00:00+00:00,http://dscareercommunity.springboard.com,https://www.springboard.com/workshops/data-science-career-track/learn/,US/Pacific,24,,Kliton,,,,"1. Master DS skills.
2. Feel confident to expose my skills in a job interview.",true,false,false,Andrea,https://www.springboard.com/mentor-dashboard#4275,matt@summitanalytics.io,Matt,Matt Fornito,506,US/Eastern,false,https://www.springboard.com/powwow/call/4275,2017-02-01T04:30:00+00:00,2017-02-02T08:00:00+00:00,https://www.youtube.com/playlist?list=PLjKxfZpleE6ARDh12WsI12JjdKUN8J2nb,,,13,true,2016-12-27T08:00:00+00:00,,true,AC,http://data-science-career.springboard.com/,4275,http://data-science-career.springboard.com/,13,true,3867,26,Data Science Career Track,9,data-science-career-track,,
7225410968176210,sfoohei@gmail.com,156410,156410,Chrome 55.0.2883,Gaithersburg,United States,Desktop,www.springboard.com/,Windows 10,https://www.reddit.com/r/learnprogramming/comments/5hzjcb/im_a_data_scientist_who_transitioned_to_the_field/,Maryland,,,,,,2016-12-25 20:56:19,2017-01-25 3:43:08,17ycgvz9ev157,https://www.springboard.com/schedule/kane-li/,kane@springboard.com,Kane,Kane Li,1000,127,2017-01-30T08:00:00+00:00,http://dscareercommunity.springboard.com,https://www.springboard.com/workshops/data-science-career-track/learn/,US/Pacific,-4,2017-07-30,Sam,,,,"1)  Develop a portfolio of a few projects

2) Becoming familiar with industry standard tools and having the capacity to fill knowledge gaps by reading documentation or other sources",true,false,true,Foo,https://www.springboard.com/mentor-dashboard#4496,arziai@gmail.com,Amir,Amir Ziai,519,US/Pacific,true,https://www.springboard.com/powwow/call/4496,2017-02-03T06:00:00+00:00,2017-02-28T08:00:00+00:00,https://www.youtube.com/playlist?list=PLjKxfZpleE6ARDh12WsI12JjdKUN8J2nb,2017-01-25T20:00:00+00:00,https://zoom.us/j/851716723,13,true,2017-01-24T08:00:00+00:00,,false,AC,http://data-science-career.springboard.com/,4496,http://data-science-career.springboard.com/,5,true,3983,26,Data Science Career Track,5,data-science-career-track,,
6763251696794801,dbhave@gmail.com,156738,156738,Chrome 55.0.2883,Palo Alto,United States,Desktop,www.springboard.com/workshops/data-analytics-school,Mac OS X 10.11.2,https://www.quora.com/Is-it-possible-to-find-entry-level-consulting-jobs-at-lower-tier-consulting-firms-a-year-after-graduating-college,California,dab_leadgen_20161026,ad_1,cpc,quora,us_ca,2017-01-04 21:02:08,2017-01-24 22:52:13,17ycgvz9ev157,https://www.springboard.com/schedule/kane-li/,kane@springboard.com,Kane,Kane Li,4800,116,2017-02-27T08:00:00+00:00,http://dscareercommunity.springboard.com,https://www.springboard.com/workshops/data-science-career-track/learn/,US/Pacific,-33,2017-07-30,Devayani,,,,"1. I want to get proficient at at least one (statistical) programming language, to be able to apply it to any dataset.
2. I would like to have the tools necessary for making a career transition as a data scientist.",false,false,false,Bhave,,,,,,,,,,,https://www.youtube.com/playlist?list=PLjKxfZpleE6ARDh12WsI12JjdKUN8J2nb,,,15,true,2017-02-21T08:00:00+00:00,,true,AC,http://data-science-career.springboard.com/,,http://data-science-career.springboard.com/,0,true,4153,26,Data Science Career Track,0,data-science-career-track,,
774515045722241,w.liu89@gmail.com,,62130,Chrome 55.0.2883,Irvine,United States,Desktop,www.springboard.com/students/weekly-call/4279,Windows 10,https://www.springboard.com/workshops/data-science-career-track/learn/current,California,,,,,,2016-12-18 22:16:05,2017-01-24 22:26:26,17ycgvz9ev157,https://www.springboard.com/schedule/kane-li/,kane@springboard.com,Kane,Kane Li,1000,103,2017-01-02T08:00:00+00:00,http://dscareercommunity.springboard.com,https://www.springboard.com/workshops/data-science-career-track/learn/,US/Pacific,24,,Will,,,,Learn to apply machine learning techniques in real projects.,true,false,true,Roberts,https://www.springboard.com/mentor-dashboard#4279,ryan.rosario@gmail.com,Ryan,Ryan Rosario,500,US/Pacific,true,https://www.springboard.com/powwow/call/4279,2017-01-31T04:00:00+00:00,2017-02-02T08:00:00+00:00,https://www.youtube.com/playlist?list=PLjKxfZpleE6ARDh12WsI12JjdKUN8J2nb,2016-12-29T00:00:00+00:00,https://zoom.us/j/446951876,13,true,2016-12-27T08:00:00+00:00,,false,AC,http://data-science-career.springboard.com/,4279,http://data-science-career.springboard.com/,17,true,3783,26,Data Science Career Track,3,data-science-career-track,,
2791535448001883,mattcwu@gmail.com,,154939,Chrome 54.0.2840,Wapato,United States,Desktop,www.springboard.com/blog/data-science-interviews-lessons/,Windows 10,https://www.google.com/,Washington,,,,,,2016-12-16 17:10:57,2017-01-24 20:30:30,17ycgvz9ev157,https://www.springboard.com/schedule/kane-li/,kane@springboard.com,Kane,Kane Li,1000,103,2017-01-02T08:00:00+00:00,http://dscareercommunity.springboard.com,https://www.springboard.com/workshops/data-science-career-track/learn/,US/Pacific,24,,Matthew,,,,I would like to create a portfolio of finished useful products that I could show to potential employers and refer back to when I need help creating future programs.,true,false,false,Rigby,https://www.springboard.com/mentor-dashboard#4296,paschal83@gmail.com,Ike,Ike Okonkwo,505,US/Pacific,true,https://www.springboard.com/powwow/call/4296,2017-02-01T04:00:00+00:00,2017-02-02T08:00:00+00:00,https://www.youtube.com/playlist?list=PLjKxfZpleE6ARDh12WsI12JjdKUN8J2nb,2016-12-29T00:00:00+00:00,https://zoom.us/j/446951876,13,true,2016-12-27T08:00:00+00:00,,false,AC,http://data-science-career.springboard.com/,4296,http://data-science-career.springboard.com/,12,true,3898,26,Data Science Career Track,9,data-science-career-track,,
4703518417392644,jbreit518@gmail.com,,154733,Chrome Mobile iOS 55.0.2883,West Babylon,United States,Mobile,www.springboard.com/workshops/payments-register/data-science-career-track,iOS 10.1.1,direct,New York,,,,,,2016-12-20 16:09:42,2017-01-24 17:49:44,17ycgvz9ev157,https://www.springboard.com/schedule/kane-li/,kane@springboard.com,Kane,Kane Li,1000,103,2017-01-02T08:00:00+00:00,http://dscareercommunity.springboard.com,https://www.springboard.com/workshops/data-science-career-track/learn/,US/Eastern,24,,Justine,,,,At the conclusion of this workshop I would like to have a strong data science foundation as well as have an advanced knowledge of python. Ultimately I would like to pursue a career in data science.,true,false,false,Berretta,https://www.springboard.com/mentor-dashboard#4282,ryan.rosario@gmail.com,Ryan,Ryan Rosario,500,US/Pacific,true,https://www.springboard.com/powwow/call/4282,2017-02-02T02:00:00+00:00,2017-02-02T08:00:00+00:00,https://www.youtube.com/playlist?list=PLjKxfZpleE6ARDh12WsI12JjdKUN8J2nb,2016-12-29T00:00:00+00:00,https://zoom.us/j/446951876,13,true,2016-12-27T08:00:00+00:00,,false,AC,http://data-science-career.springboard.com/,4282,http://data-science-career.springboard.com/,8,true,3862,26,Data Science Career Track,2,data-science-career-track,,
1216493433935590,wiles.trilliumtechnical@comcast.net,,158307,Chrome Mobile 52.0.2743,Smyrna,United States,Mobile,www.springboard.com/workshops/payments-register/data-science-career-track,Android 6.0.1,direct,Tennessee,kddscblast,,email,kdnuggets,,2017-01-04 12:16:13,2017-01-24 15:54:28,17ycgvz9ev157,https://www.springboard.com/schedule/kane-li/,kane@springboard.com,Kane,Kane Li,1000,116,2017-02-27T08:00:00+00:00,http://dscareercommunity.springboard.com,https://www.springboard.com/workshops/data-science-career-track/learn/,US/Mountain,-32,2017-07-30,Lori,,,,"1.  Learn Python.  I know R, but at work Python is used.
2. I have taken some data mining classes, want to fill in some gaps: improved git, feature engineering, anomaly detection, time series.
3. Not on the syllabus, but I would like to learn more about Bayesian data analysis.  Any possibility of that?",true,false,false,Wiles,https://www.springboard.com/mentor-dashboard#4500,raj@rajivshah.com,Rajiv,Rajiv Shah,525,US/Central,true,,,2017-02-28T08:00:00+00:00,https://www.youtube.com/playlist?list=PLjKxfZpleE6ARDh12WsI12JjdKUN8J2nb,2017-01-25T20:00:00+00:00,https://zoom.us/j/851716723,13,true,2017-02-21T08:00:00+00:00,,false,AC,http://data-science-career.springboard.com/,4500,http://data-science-career.springboard.com/,0,true,3997,26,Data Science Career Track,0,data-science-career-track,,
7614217045503770,happyphilologist@gmail.com,,154727,Chrome 54.0.2840,Valencia,United States,Desktop,www.springboard.com/success/niraj-sheth/,Windows 8.1,http://mkto-ab200069.com/ZLT0Z00U7000080WK10MKFa,California,,,,,,2016-11-22 22:47:07,2017-01-24 7:49:06,17ycgvz9ev157,https://www.springboard.com/schedule/kane-li/,kane@springboard.com,Kane,Kane Li,4800,127,2017-01-30T08:00:00+00:00,http://dscareercommunity.springboard.com,https://www.springboard.com/workshops/data-science-career-track/learn/,US/Pacific,-4,2017-07-30,Karen,,,,My goals are to master the essential skills needed for data science and to create an impressive data science portfolio. I'm especially interested in natural language processing.,false,false,false,Masterson,https://www.springboard.com/mentor-dashboard#4507,raj@rajivshah.com,Rajiv,Rajiv Shah,525,US/Central,true,,,,https://www.youtube.com/playlist?list=PLjKxfZpleE6ARDh12WsI12JjdKUN8J2nb,2017-01-25T20:00:00+00:00,https://zoom.us/j/851716723,15,true,2017-01-24T08:00:00+00:00,,false,AC,http://data-science-career.springboard.com/,4507,http://data-science-career.springboard.com/,0,true,4135,26,Data Science Career Track,0,data-science-career-track,,
5487651535155456,avan.ti4388@gmail.com,,158505,Chrome 55.0.2883,Bothell,United States,Desktop,www.springboard.com/,Windows 10,direct,Washington,,,,,,2017-01-16 11:20:31,2017-01-23 21:50:00,17ycgvz9ev157,https://www.springboard.com/schedule/kane-li/,kane@springboard.com,Kane,Kane Li,4800,127,2017-01-30T08:00:00+00:00,http://dscareercommunity.springboard.com,https://www.springboard.com/workshops/data-science-career-track/learn/,US/Pacific,-4,2017-07-30,Avanti,,,,"Learn to make use of data science in making business decisions.
Get a job related to data analytics at a reputed firm.",false,false,false,Likhite,https://www.springboard.com/mentor-dashboard#4487,a.sanchez.824@gmail.com,AJ,AJ Sanchez,501,US/Eastern,true,https://www.springboard.com/powwow/call/4487,2017-02-04T01:30:00+00:00,,https://www.youtube.com/playlist?list=PLjKxfZpleE6ARDh12WsI12JjdKUN8J2nb,,,15,true,2017-01-24T08:00:00+00:00,,true,AC,http://data-science-career.springboard.com/,4487,http://data-science-career.springboard.com/,0,true,4214,26,Data Science Career Track,0,data-science-career-track,,
4010549187936724,deep+test_18jan_dsc@springboard.com,,158581,Chrome 57.0.2985,Bengaluru,India,Desktop,www.springboard.com/workshops/ux-design-school,Mac OS X 10.11.6,direct,Karnataka,,,,,,2017-01-18 6:51:06,2017-01-23 19:23:54,17ycgvz9ev157,https://www.springboard.com/schedule/kane-li/,kane@springboard.com,Kane,Kane Li,4800,121,2017-03-27T07:00:00+00:00,http://dscareercommunity.springboard.com,https://www.springboard.com/workshops/data-science-career-track/learn/,US/Pacific,-66,2017-09-27,Deep,2017-01-20T17:28:31.685987+00:00,,,,false,false,true,Sukhwani,,,,,,,,,,,https://www.youtube.com/playlist?list=PLjKxfZpleE6ARDh12WsI12JjdKUN8J2nb,,,15,false,2017-03-21T07:00:00+00:00,,true,AC,http://data-science-career.springboard.com/,,http://data-science-career.springboard.com/,0,true,4004,26,Data Science Career Track,0,data-science-career-track,,
185060536208218,paras.chandra.patel@gmail.com,,154522,Firefox 45.0,Lexington,United States,Desktop,www.springboard.com/workshops/data-science-intensive/,Mac OS X 10.11,https://www.google.com,Massachusetts,,,,,,2016-12-16 6:09:17,2017-01-23 9:51:56,17ycgvz9ev157,https://www.springboard.com/schedule/kane-li/,kane@springboard.com,Kane,Kane Li,4800,121,2017-03-27T07:00:00+00:00,http://dscareercommunity.springboard.com,https://www.springboard.com/workshops/data-science-career-track/learn/,US/Eastern,-90,,Paras,,,,,false,false,true,Patel,,,,,,,,,,,https://www.youtube.com/playlist?list=PLjKxfZpleE6ARDh12WsI12JjdKUN8J2nb,,,,false,2017-03-21T07:00:00+00:00,,true,AC,http://data-science-career.springboard.com/,,http://data-science-career.springboard.com/,0,true,3859,26,Data Science Career Track,0,data-science-career-track,,
4039833811037182,ledger.west@gmail.com,,8265,Chrome 52.0.2743,Sterling,United States,Desktop,www.springboard.com/profile,Mac OS X 10.10.3,https://www.springboard.com/,Virginia,,,,,,2016-09-09 12:31:00,2017-01-22 19:52:11,17ycgvz9ev157,https://www.springboard.com/schedule/kane-li/,kane@springboard.com,Kane,Kane Li,1000,102,2016-11-28T08:00:00+00:00,http://dscareercommunity.springboard.com,https://www.springboard.com/workshops/data-science-career-track/learn/,US/Eastern,59,,Ledger,2016-10-19T06:59:59.999999+00:00,2016-12-19T07:59:59.999999+00:00,https://youtu.be/F8RHyptkHN0,"'- practical knowledge and applications of machine learning
- practical application of hadoop and other methods required for very large datasets
- an understanding of the life cycle and management of commercial data products",true,false,false,West,https://www.springboard.com/mentor-dashboard#4119,matt@summitanalytics.io,Matt,Matt Fornito,506,US/Eastern,false,https://www.springboard.com/powwow/call/4119,2017-01-31T21:00:00+00:00,2017-01-28T08:00:00+00:00,https://www.youtube.com/playlist?list=PLjKxfZpleE6ARDh12WsI12JjdKUN8J2nb,2016-11-22T21:00:00+00:00,https://zoom.us/j/446951876,13,true,2016-11-22T08:00:00+00:00,https://www.springboard.com/profile#user-profile,false,AC,http://data-science-career.springboard.com/,4119,http://data-science-career.springboard.com/,24,true,3527,26,Data Science Career Track,3,data-science-career-track,https://www.springboard.com/profile#user-profile,Data Science
2352730806684923,yangrui0204@gmail.com,,158315,Chrome 55.0.2883,Durham,United States,Desktop,www.springboard.com/workshops/data-science-career-track,Windows 8,https://mail.google.com/mail/u/0/?tab=wm,North Carolina,dataelixirdscblast,,email,dataelixir,,2017-01-11 18:45:23,2017-01-22 8:50:43,17ycgvz9ev157,https://www.springboard.com/schedule/kane-li/,kane@springboard.com,Kane,Kane Li,4800,127,2017-01-30T08:00:00+00:00,http://dscareercommunity.springboard.com,https://www.springboard.com/workshops/data-science-career-track/learn/,US/Eastern,-4,2017-07-30,Rui(Reuben),,,,Become a better data story teller.,false,false,false,Yang,https://www.springboard.com/mentor-dashboard#4488,a.sanchez.824@gmail.com,AJ,AJ Sanchez,501,US/Eastern,true,https://www.springboard.com/powwow/call/4488,2017-02-04T22:30:00+00:00,,https://www.youtube.com/playlist?list=PLjKxfZpleE6ARDh12WsI12JjdKUN8J2nb,,,15,true,2017-01-24T08:00:00+00:00,,true,AC,http://data-science-career.springboard.com/,4488,http://data-science-career.springboard.com/,0,true,4146,26,Data Science Career Track,0,data-science-career-track,,
3440902809954301,xanderrod@yahoo.com,,154869,Chrome 55.0.2883,Downey,United States,Desktop,www.springboard.com/workshops/data-science-career-track,Mac OS X 10.11.6,direct,California,,,,,,2016-12-20 17:14:44,2017-01-22 7:38:51,17ycgvz9ev157,https://www.springboard.com/schedule/kane-li/,kane@springboard.com,Kane,Kane Li,4800,127,2017-01-30T08:00:00+00:00,http://dscareercommunity.springboard.com,https://www.springboard.com/workshops/data-science-career-track/learn/,US/Pacific,-4,2017-07-30,Alexander,2017-01-24,,,"Become proficient in python.
Learn machine learning and apply it to solve real world problems.",false,false,false,Rodriguez,,,,,,,,,,,https://www.youtube.com/playlist?list=PLjKxfZpleE6ARDh12WsI12JjdKUN8J2nb,,,15,true,2017-01-24T08:00:00+00:00,,true,RE,http://data-science-career.springboard.com/,,http://data-science-career.springboard.com/,0,true,4147,26,Data Science Career Track,0,data-science-career-track,,
3502099318726278,alexander.olden@gmail.com,,157972,Mobile Safari 10.0,New Albany,United States,Tablet,www.springboard.com/,iOS 10.2,http://www.forbes.com/,Pennsylvania,,,,,,2016-12-26 14:59:38,2017-01-20 13:38:40,17ycgvz9ev157,https://www.springboard.com/schedule/kane-li/,kane@springboard.com,Kane,Kane Li,4800,127,2017-01-30T08:00:00+00:00,http://dscareercommunity.springboard.com,https://www.springboard.com/workshops/data-science-career-track/learn/,US/Central,-4,2017-07-30,Alexander,,,,"I would like to master software programs (Python and Hadoop, e.g.) that are commonly used in data science and that employers are seeking.",false,false,true,Olden,https://www.springboard.com/mentor-dashboard#4486,a.sanchez.824@gmail.com,AJ,AJ Sanchez,501,US/Eastern,true,https://www.springboard.com/powwow/call/4486,2017-02-03T22:30:00+00:00,,https://www.youtube.com/playlist?list=PLjKxfZpleE6ARDh12WsI12JjdKUN8J2nb,,,15,true,2017-01-24T08:00:00+00:00,,true,AC,http://data-science-career.springboard.com/,4486,http://data-science-career.springboard.com/,0,true,3993,26,Data Science Career Track,0,data-science-career-track,,
1798668917726360,prateeks@gmail.com,,93,Chrome 54.0.2840,San Francisco,United States,Desktop,www.springboard.com/,Mac OS X 10.11.6,direct,California,,,,,,2016-11-20 23:42:34,2017-01-20 11:01:50,17ycgvz9ev157,https://www.springboard.com/schedule/kane-li/,kane@springboard.com,Kane,Kane Li,1000,127,2017-01-30T08:00:00+00:00,http://dscareercommunity.springboard.com,https://www.springboard.com/workshops/data-science-career-track/learn/,US/Pacific,-10,2017-07-30T08:00:00+00:00,Prateek,,,https://youtu.be/F8RHyptkHN0,"No real goals, Just trying this out",true,false,false,Sharma,,,,,,,,,,2017-02-28T08:00:00+00:00,https://www.youtube.com/playlist?list=PLjKxfZpleE6ARDh12WsI12JjdKUN8J2nb,2017-01-25T17:00:00+00:00,https://zoom.us/j/186949337,13,false,2017-01-24T08:00:00+00:00,https://www.springboard.com/profile#user-profile,true,AC,http://data-science-career.springboard.com/,,http://data-science-career.springboard.com/,0,true,4130,26,Data Science Career Track,0,data-science-career-track,https://www.springboard.com/profile#user-profile,Data Science
2913946215508370,ahuja.disha@gmail.com,,126862,Chrome 52.0.2743,San Jose,United States,Desktop,www.springboard.com/profile,Windows 7,http://help.springboard.com/help/accessing-the-curriculum-analytics,California,,,,,,2016-09-13 0:09:30,2017-01-20 7:05:56,17ycgvz9ev157,https://www.springboard.com/schedule/kane-li/,kane@springboard.com,Kane,Kane Li,0,102,2016-11-28T08:00:00+00:00,http://dscareercommunity.springboard.com,https://www.springboard.com/workshops/data-science-career-track/learn/,US/Pacific,58,,Disha,2016-12-23,2017-02-23,https://youtu.be/9XDp2akhOaQ?list=PLjKxfZpleE6Dod1y8iiRtEV8NPv9bPok6,1. I would like to be able to analyze copious amounts of data using techniques and tools that are state-of-the-art 2. Get in-depth ML experience using Python and other ML libraries 3. Create an online presence for future career advancements,true,false,true,Ahuja,https://www.springboard.com/mentor-dashboard#4137,paschal83@gmail.com,Ike,Ike Okonkwo,505,US/Pacific,true,https://www.springboard.com/powwow/call/4137,2017-02-08T06:00:00+00:00,2017-01-12T15:59:59+00:00,https://www.youtube.com/playlist?list=PLjKxfZpleE6ARDh12WsI12JjdKUN8J2nb,2016-09-07T23:00:00+00:00,https://zoom.us/j/913204371,13,true,2016-11-22T08:00:00+00:00,https://www.springboard.com/profile#user-profile,true,FR,http://data-science-career.springboard.com/,4137,http://data-science-career.springboard.com/,13,true,3612,26,Data Science Career Track,13,data-science-career-track,https://www.springboard.com/profile#user-profile,Data Science
636952690915650,tphamngu@sfu.ca,,157387,Chrome 53.0.2785,Vancouver,Canada,Desktop,www.springboard.com/workshops/dataschool,Windows 10,https://www.facebook.com/,British Columbia,Crush-FB-DS1-Leads,Ad4,cpc,facebook,Crush-FB-DS1-Leads-LAL1-Purchasers-Interests-CA,2016-10-03 21:58:13,2017-01-19 17:39:39,17ycgvz9ev157,https://www.springboard.com/schedule/kane-li/,kane@springboard.com,Kane,Kane Li,1000,116,2017-02-27T08:00:00+00:00,http://dscareercommunity.springboard.com,https://www.springboard.com/workshops/data-science-career-track/learn/,Canada/Pacific,-32,2017-08-27,Thuan,,,,I would like to learn everything there is to learn about data science and enhance my data analysis skills. Get as much exposure as I can to working and learning from professionals.,true,false,true,Pham,https://www.springboard.com/mentor-dashboard#4518,arziai@gmail.com,Amir,Amir Ziai,519,US/Pacific,true,,,2017-03-27T08:00:00+00:00,https://www.youtube.com/playlist?list=PLjKxfZpleE6ARDh12WsI12JjdKUN8J2nb,2017-02-22T20:00:00+00:00,https://zoom.us/j/851716723,13,true,2017-02-21T08:00:00+00:00,,false,AC,http://data-science-career.springboard.com/,4518,http://data-science-career.springboard.com/,0,true,3986,26,Data Science Career Track,0,data-science-career-track,,
7834373934578842,candice.yip@gmail.com,,154715,Chrome 55.0.2883,Brookline,United States,Desktop,www.springboard.com/,Mac OS X 10.11.6,direct,Massachusetts,,,,,,2016-12-12 22:51:27,2017-01-19 16:08:05,17ycgvz9ev157,https://www.springboard.com/schedule/kane-li/,kane@springboard.com,Kane,Kane Li,1000,103,2017-01-02T08:00:00+00:00,http://dscareercommunity.springboard.com,https://www.springboard.com/workshops/data-science-career-track/learn/,US/Eastern,24,,Candice,,,,Feel confident applying for and getting data scientist positions at large tech companies.,true,false,false,Yip,https://www.springboard.com/mentor-dashboard#4286,a.sanchez.824@gmail.com,AJ,AJ Sanchez,501,US/Eastern,true,https://www.springboard.com/powwow/call/4286,2017-02-02T00:00:00+00:00,2017-02-02T08:00:00+00:00,https://www.youtube.com/playlist?list=PLjKxfZpleE6ARDh12WsI12JjdKUN8J2nb,2016-12-29T00:00:00+00:00,https://zoom.us/j/446951876,13,true,2016-12-27T08:00:00+00:00,,false,AC,http://data-science-career.springboard.com/,4286,http://data-science-career.springboard.com/,15,true,3863,26,Data Science Career Track,7,data-science-career-track,,
7712883945834065,andrea.tinof@gmail.com,,155036,Chrome 55.0.2883,Toronto,Canada,Desktop,www.springboard.com/workshops/data-science-career-track,Windows 7,http://www.kdnuggets.com/2016/12/springboard-data-science-bootcamp-job-guarantee.html,Ontario,,,,,,2016-12-16 11:57:09,2017-01-18 14:48:23,17ycgvz9ev157,https://www.springboard.com/schedule/kane-li/,kane@springboard.com,Kane,Kane Li,1000,127,2017-01-30T08:00:00+00:00,http://dscareercommunity.springboard.com,https://www.springboard.com/workshops/data-science-career-track/learn/,Canada/Eastern,-4,,Andrea,,,,"I would like to strengthen my Python Skills, create high quality images, and perform machine learning on my data sets.",true,false,true,Constantinof,https://www.springboard.com/mentor-dashboard#4485,a.sanchez.824@gmail.com,AJ,AJ Sanchez,501,US/Eastern,true,https://www.springboard.com/powwow/call/4485,2017-02-04T00:30:00+00:00,2017-02-28T08:00:00+00:00,https://www.youtube.com/playlist?list=PLjKxfZpleE6ARDh12WsI12JjdKUN8J2nb,2017-01-25T20:00:00+00:00,https://zoom.us/j/851716723,13,true,2017-01-24T08:00:00+00:00,,false,AC,http://data-science-career.springboard.com/,4485,http://data-science-career.springboard.com/,0,true,3897,26,Data Science Career Track,0,data-science-career-track,,
2702961684017132,jeanzhaoyi@gmail.com,,157911,Safari 10.0.2,Princeton,United States,Desktop,www.springboard.com/workshops/data-science-intensive/,Mac OS X 10.10.5,https://www.google.com/,New Jersey,,,,,,2017-01-10 12:22:32,2017-01-17 14:20:18,17ycgvz9ev157,https://www.springboard.com/schedule/kane-li/,kane@springboard.com,Kane,Kane Li,1000,127,2017-01-30T08:00:00+00:00,http://dscareercommunity.springboard.com,https://www.springboard.com/workshops/data-science-career-track/learn/,US/Eastern,-4,2017-07-30,YI,,,,"I want to become proficient in Python language, especially scraping data and efficiently processing and analyzing data (maybe parallel computing) as well as effectively visualizing data.
In addition, I want to build up my own github portfolio that shares the results of my projects from this workshop.
Career wise, this is my gateway to networking and finding a job in data science.",true,false,false,Zhao,https://www.springboard.com/mentor-dashboard#4514,ryan.rosario@gmail.com,Ryan,Ryan Rosario,500,US/Pacific,true,https://www.springboard.com/powwow/call/4514,2017-02-03T22:30:00+00:00,2017-02-28T08:00:00+00:00,https://www.youtube.com/playlist?list=PLjKxfZpleE6ARDh12WsI12JjdKUN8J2nb,2017-01-25T20:00:00+00:00,https://zoom.us/j/851716723,13,true,2017-01-24T08:00:00+00:00,,false,AC,http://data-science-career.springboard.com/,4514,http://data-science-career.springboard.com/,3,true,3996,26,Data Science Career Track,3,data-science-career-track,,
5197744372229532,sumesh1981@gmail.com,,155705,Chrome 55.0.2883,Chino,United States,Desktop,www.springboard.com/workshops/data-science-career-track,Windows 7,https://mail.google.com/mail/u/0/,California,20161213_dsc_gsp,ad_1,gsp,google,,2016-12-19 6:48:08,2017-01-16 10:00:26,17ycgvz9ev157,https://www.springboard.com/schedule/kane-li/,kane@springboard.com,Kane,Kane Li,1000,127,2017-01-30T08:00:00+00:00,http://dscareercommunity.springboard.com,https://www.springboard.com/workshops/data-science-career-track/learn/,US/Pacific,-4,,sumesh,,,,"I would need to get a strong foundation in the underlying concepts of data science and would be able to apply the algorithms and techniques correctly at many of the solutions. I should be to approach the problems in a data scientist way and am excited to materialize some of my ideas that make use of large volumes of data. I would assume that the easiest way to get such a strong base is to have working experience in the field, so I would like to do jump in my career as a data scientist.",true,false,true,narayana menon,https://www.springboard.com/mentor-dashboard#4494,arziai@gmail.com,Amir,Amir Ziai,519,US/Pacific,true,https://www.springboard.com/powwow/call/4494,2017-02-02T05:30:00+00:00,2017-02-28T08:00:00+00:00,https://www.youtube.com/playlist?list=PLjKxfZpleE6ARDh12WsI12JjdKUN8J2nb,2017-01-25T20:00:00+00:00,https://zoom.us/j/851716723,13,true,2017-01-24T08:00:00+00:00,,false,AC,http://data-science-career.springboard.com/,4494,http://data-science-career.springboard.com/,0,true,3950,26,Data Science Career Track,0,data-science-career-track,,
8537371054534921,maya.carnie@gmail.com,,65270,Safari 9.0.2,Chicago,United States,Desktop,www.springboard.com/,Mac OS X 10.11.2,direct,Illinois,,,,,,2017-01-03 19:13:58,2017-01-15 22:30:04,17ycgvz9ev157,https://www.springboard.com/schedule/kane-li/,kane@springboard.com,Kane,Kane Li,1000,127,2017-01-30T08:00:00+00:00,http://dscareercommunity.springboard.com,https://www.springboard.com/workshops/data-science-career-track/learn/,US/Central,-4,2017-07-30,Maya,,,,At the end of workshop I would like to have the skills to manage large data sets and create visualizations for the data.,true,false,true,Carnie,https://www.springboard.com/mentor-dashboard#4491,alexchao56@gmail.com,Alex,Alex Chao,523,US/Eastern,true,https://www.springboard.com/powwow/call/4491,2017-02-02T02:30:00+00:00,2017-02-28T08:00:00+00:00,https://www.youtube.com/playlist?list=PLjKxfZpleE6ARDh12WsI12JjdKUN8J2nb,,,13,true,2017-01-24T08:00:00+00:00,,true,AC,http://data-science-career.springboard.com/,4491,http://data-science-career.springboard.com/,0,true,3990,26,Data Science Career Track,0,data-science-career-track,,
4182584141448245,tyler.k.ouellet@gmail.com,,156801,Mobile Safari 10.0,Dover,United States,Mobile,www.springboard.com/,iOS 10.2,direct,Massachusetts,kddscblast,,email,kdnuggets,,2017-01-04 9:09:46,2017-01-15 16:34:20,17ycgvz9ev157,https://www.springboard.com/schedule/kane-li/,kane@springboard.com,Kane,Kane Li,4800,126,2017-04-24T07:00:00+00:00,http://dscareercommunity.springboard.com,https://www.springboard.com/workshops/data-science-career-track/learn/,US/Eastern,-88,2017-10-24,Tyler,,,,"1. Build a solid portfolio of work showing competency with a variety of statistical and machine learning techniques on modern data platforms and data tools.

2. Practice and strengthen interviewing skills around technical competency questions for data science. I want to prepare myself to interview for a more senior role going forward.",false,false,true,Ouellet,https://www.springboard.com/mentor-dashboard#4521,matt@summitanalytics.io,Matt,Matt Fornito,506,US/Eastern,false,,,,https://www.youtube.com/playlist?list=PLjKxfZpleE6ARDh12WsI12JjdKUN8J2nb,2017-04-19T19:00:00+00:00,https://zoom.us/j/851716723,15,true,2017-04-18T07:00:00+00:00,,false,AC,http://data-science-career.springboard.com/,4521,http://data-science-career.springboard.com/,0,true,3973,26,Data Science Career Track,0,data-science-career-track,,
3329988093250617,anil@kemisetti.com,,111587,Chrome 54.0.2840,Cupertino,United States,Desktop,www.springboard.com/success/,Mac OS X 10.12.1,http://dsintensivecommunity.springboard.com/,California,,,,,,2016-09-14 16:23:57,2017-01-15 11:12:21,17ycgvz9ev157,https://www.springboard.com/schedule/kane-li/,kane@springboard.com,Kane,Kane Li,1000,102,2016-11-28T08:00:00+00:00,http://dscareercommunity.springboard.com,https://www.springboard.com/workshops/data-science-career-track/learn/,US/Pacific,59,,Anil,2017-01-01,2017-03-02,https://youtu.be/9XDp2akhOaQ?list=PLjKxfZpleE6Dod1y8iiRtEV8NPv9bPok6,Main goal from at the end of this course is to have an impressive portfolio on github. I am looking forward to have a mentor who has experience and interested in guiding me in clickstream analysis and A/B (multi-variate ) testing capstone project. Emailed an infographic to Kane. I request is to present it to the mentor. It would help to present my goals easily.,true,false,true,Kemisetti,https://www.springboard.com/mentor-dashboard#4155,ryan.rosario@gmail.com,Ryan,Ryan Rosario,500,US/Pacific,true,https://www.springboard.com/powwow/call/4155,2017-02-02T00:30:00+00:00,2017-01-01T08:00:00+00:00,https://www.youtube.com/playlist?list=PLjKxfZpleE6ARDh12WsI12JjdKUN8J2nb,2016-07-27T16:00:00+00:00,https://zoom.us/j/913204371,13,true,2016-11-22T08:00:00+00:00,https://www.springboard.com/profile#user-profile,true,FR,http://data-science-career.springboard.com/,4155,http://data-science-career.springboard.com/,23,true,3652,26,Data Science Career Track,0,data-science-career-track,https://www.springboard.com/profile#user-profile,Data Science
4937170919539131,ajchoi7@gmail.com,,153917,Chrome 54.0.2840,Arcata,United States,Desktop,www.springboard.com/workshops/data-science-intensive/,Windows 10,https://www.google.com/,California,,,,,,2016-12-12 8:54:26,2017-01-10 11:10:20,17ycgvz9ev157,https://www.springboard.com/schedule/kane-li/,kane@springboard.com,Kane,Kane Li,1000,103,2017-01-02T08:00:00+00:00,http://dscareercommunity.springboard.com,https://www.springboard.com/workshops/data-science-career-track/learn/,US/Pacific,-7,,Jae,2016-12-20T07:59:59.999999+00:00,2017-02-20T07:59:59.999999+00:00,,I like to have a career in Data Science field.  I like to build a confidence on all kinds of machine learning algorithms.,true,false,false,Choi,,,,,,,,,,2017-02-02T08:00:00+00:00,https://www.youtube.com/playlist?list=PLjKxfZpleE6ARDh12WsI12JjdKUN8J2nb,2016-12-29T00:00:00+00:00,https://zoom.us/j/446951876,,true,2016-12-27T08:00:00+00:00,,false,RE,http://data-science-career.springboard.com/,,http://data-science-career.springboard.com/,0,true,3792,26,Data Science Career Track,0,data-science-career-track,,
3782238386736320,vdzaball@gmail.com,,132150,Chrome 52.0.2743,London,United Kingdom,Desktop,www.springboard.com/workshops/data-science/learn,Mac OS X 10.11.6,https://www.springboard.com/profile,England,,,,,,2016-09-14 12:38:21,2017-01-07 10:21:36,17ycgvz9ev157,https://www.springboard.com/schedule/kane-li/,kane@springboard.com,Kane,Kane Li,1000,121,2017-03-27T07:00:00+00:00,http://dscareercommunity.springboard.com,https://www.springboard.com/workshops/data-science-career-track/learn/,US/Mountain,-84,,Vincent,2016-10-04T06:59:59.999999+00:00,2016-12-04T07:59:59.999999+00:00,https://youtu.be/F8RHyptkHN0,"1. Taken on a challenging capstone project and successfully created an online application showcasing the interactiveness of that capstone project.
2. Learn about the data science field from an expert.",true,false,true,Zaballa,https://www.springboard.com/mentor-dashboard#3224,dhirajkhanna@gmail.com,Dhiraj,Dhiraj Khanna,303,Asia/Kolkata,true,https://www.springboard.com/powwow/call/3224,2016-10-07T16:30:00+00:00,2017-04-27T07:00:00+00:00,https://www.youtube.com/playlist?list=PLjKxfZpleE6ARDh12WsI12JjdKUN8J2nb,2016-12-29T00:00:00+00:00,https://zoom.us/j/446951876,,true,2017-03-21T07:00:00+00:00,https://www.springboard.com/profile#user-profile,false,AC,http://data-science-career.springboard.com/,3224,http://data-science-career.springboard.com/,5,true,3774,26,Data Science Career Track,1,data-science-career-track,https://www.springboard.com/profile#user-profile,Data Science
5281189942046720,arun.chaubey@gmail.com,,154099,Chrome 54.0.2840,Sunnyvale,United States,Desktop,www.springboard.com/workshops/data-science-intensive/,Windows 7,https://www.google.com/,California,,,,,,2016-12-13 9:36:29,2016-12-26 11:41:20,17ycgvz9ev157,https://www.springboard.com/schedule/kane-li/,kane@springboard.com,Kane,Kane Li,1000,127,2017-01-30T08:00:00+00:00,http://dscareercommunity.springboard.com,https://www.springboard.com/workshops/data-science-career-track/learn/,US/Pacific,-4,,Arun,,,,Have a deep understanding of data science so am able to quickly apply my learning to work on and develop real world applications of scale.,true,false,true,Kumar,https://www.springboard.com/mentor-dashboard#4495,arziai@gmail.com,Amir,Amir Ziai,519,US/Pacific,true,https://www.springboard.com/powwow/call/4495,2017-02-03T05:30:00+00:00,2017-02-28T08:00:00+00:00,https://www.youtube.com/playlist?list=PLjKxfZpleE6ARDh12WsI12JjdKUN8J2nb,,,13,true,2017-01-24T08:00:00+00:00,,true,AC,http://data-science-career.springboard.com/,4495,http://data-science-career.springboard.com/,0,true,3770,26,Data Science Career Track,0,data-science-career-track,,
4433010091999394,deep+test_dsc_subs@springboard.com,,152833,Chrome 55.0.2883,Bengaluru,India,Desktop,www.springboard.com/workshops/payments/data-science-career-track,Mac OS X 10.11.6,direct,Karnataka,,,,,,2016-12-08 2:34:58,2016-12-08 2:43:09,17ycgvz9ev157,https://www.springboard.com/schedule/kane-li/,kane@springboard.com,Kane,Kane Li,1000,126,2017-04-24T07:00:00+00:00,http://dscareercommunity.springboard.com,https://www.springboard.com/workshops/data-science-career-track/learn/,US/Pacific,-137,,deep+test_dsc_subs,,,,,true,false,true,,,,,,,,,,,2017-05-24T07:00:00+00:00,https://www.youtube.com/playlist?list=PLjKxfZpleE6ARDh12WsI12JjdKUN8J2nb,,,,false,2017-04-18T07:00:00+00:00,,true,AC,http://data-science-career.springboard.com/,,http://data-science-career.springboard.com/,0,true,3654,26,Data Science Career Track,0,data-science-career-track,,
3744297625931002,deep+test_dsc_normal@springboard.com,,152832,Chrome 55.0.2883,Bengaluru,India,Desktop,www.springboard.com/workshops/payments/data-science-career-track,Mac OS X 10.11.6,direct,Karnataka,,,,,,2016-12-08 2:31:01,2016-12-08 2:34:58,17ycgvz9ev157,https://www.springboard.com/schedule/kane-li/,kane@springboard.com,Kane,Kane Li,1000,103,2017-01-02T08:00:00+00:00,http://dscareercommunity.springboard.com,https://www.springboard.com/workshops/data-science-career-track/learn/,US/Pacific,-25,,deep+test_dsc_normal,,,,,true,false,true,,,,,,,,,,,2017-02-02T08:00:00+00:00,https://www.youtube.com/playlist?list=PLjKxfZpleE6ARDh12WsI12JjdKUN8J2nb,,,,false,2016-12-27T08:00:00+00:00,,true,AC,http://data-science-career.springboard.com/,,http://data-science-career.springboard.com/,0,true,3653,26,Data Science Career Track,0,data-science-career-track,,